satelite;m;k
GOES-8;0.5502;0.001062
GOES-9;0.5492;0.001067
GOES-10;0.5582;0.001110
GOES-11;0.5562;0.001121
GOES-12;0.5771;0.001141
GOES-13;0.6118;0.001160
GOES-14;0.5861;0.001106
GOES-15;0.5854;0.001106
