mes;dia;hora;reflectancia;nc;N;Hext;RadSolar
1;1;7.0;0.07240511745383767;-0.0;12.0305611878352;10007.674711289563;313.83305535714277
1;1;10.0;0.24111868903831069;-0.0;12.0305611878352;10007.674711289563;678.4878966269841
1;1;13.0;0.7006314734535624;-0.0;12.0305611878352;10007.674711289563;477.20914464285715
1;1;16.0;0.2084754108544028;-0.0;12.0305611878352;10007.674711289563;342.1391797619048
1;2;7.0;0.08751988120469303;0.0;12.030443720222841;10013.514241161498;302.4712535714285
