mes;dia;hora;reflectancia;nc;N;Hext;RadSolar
1;1;7.0;0.1639425233271984;1.0;12.0305611878352;10007.674711289563;374.9088428571429
1;1;10.0;0.62059971208322;-0.0;12.0305611878352;10007.674711289563;700.6316126984127
1;1;13.0;0.5974867737883085;-0.0;12.0305611878352;10007.674711289563;493.66876607142854
1;1;16.0;0.2875499670661161;-0.0;12.0305611878352;10007.674711289563;333.0329984126983
1;2;7.0;0.037689642701161666;0.0;12.030443720222841;10013.514241161498;357.9447712301587
